timestamp,channelID,sampleTime,value
418455,1185,1,BI,1,100,1000
418455,1186,1,HR,1,100,113.42
418468,1187,1,SF,1,100,11.2983
418455,1188,3,PI,1,100,177888,177906,177901
418455,1189,3,PR,1,100,150213,150230,150226
418455,1190,3,PG,1,100,13547,13542,13550
418468,1191,2,EA,1,100,0.483142,0.483109
418468,1192,2,EL,1,100,-16709.000000,-16708.800781
418397,1193,1,T1,1,100,33.638
418410,1194,1,TH,1,100,31.203
418468,1195,3,AX,1,100,-0.985,-0.981,-0.987
418468,1196,3,AY,1,100,0.102,0.105,0.100
418468,1197,3,AZ,1,100,-0.462,-0.460,-0.460
418468,1198,3,GX,1,100,-0.702,-0.549,-0.977
418468,1199,3,GY,1,100,-0.031,-0.336,-0.458
418468,1200,3,GZ,1,100,-0.061,-0.305,-0.397
418468,1201,3,MX,1,100,74,75,75
418468,1202,3,MY,1,100,-38,-39,-39
418468,1203,3,MZ,1,100,-25,-24,-24
418545,1204,4,EM,1,100,RS,RE,PS,MN
418545,1204,4,EM,1,100,RS,RE,PS,MN
418533,1205,2,PI,1,100,177915,177922
418533,1206,2,PR,1,100,150233,150228
418533,1207,2,PG,1,100,13570,13578
418533,1208,1,EA,1,100,0.482975
418533,1209,1,EL,1,100,-16708.000000
418526,1210,1,T1,1,100,33.737
418539,1211,1,TH,1,100,31.210
418545,1212,2,AX,1,100,-0.978,-0.984
418545,1213,2,AY,1,100,0.106,0.103
418545,1214,2,AZ,1,100,-0.455,-0.469
418545,1215,2,GX,1,100,-0.824,-0.458
418545,1216,2,GY,1,100,-0.092,-0.061
418545,1217,2,GZ,1,100,0.244,-0.153
418545,1218,2,MX,1,100,75,74
418545,1219,2,MY,1,100,-39,-38
418545,1220,2,MZ,1,100,-24,-24
418685,1221,4,PI,1,100,177939,177934,177956,177955
418685,1222,4,PR,1,100,150239,150228,150244,150243
418685,1223,4,PG,1,100,13585,13599,13607,13621
418661,1224,2,EA,1,100,0.482841,0.482640
418661,1225,2,EL,1,100,-16707.199219,-16706.000000
418654,1226,1,T1,1,100,33.780
418666,1227,1,TH,1,100,31.195
418661,1228,3,AX,1,100,-0.990,-0.981,-0.978
418661,1229,3,AY,1,100,0.097,0.104,0.106
418661,1230,3,AZ,1,100,-0.460,-0.457,-0.459
418661,1231,3,GX,1,100,-0.336,-1.312,-0.977
418661,1232,3,GY,1,100,-0.183,-0.519,-0.275
418661,1233,3,GZ,1,100,-0.671,0.305,0.183
418661,1234,3,MX,1,100,76,75,74
418661,1235,3,MY,1,100,-38,-38,-39
418661,1236,3,MZ,1,100,-24,-24,-23
419047,1240,4,EM,1,100,RS,RB,2025-05-14_11-15-10-693000.csv,PS,MN
419041,1237,1,RB,1,100,2025-05-14_11-15-10-693000
419043,1238,2,UN,1,100,Orden de grabaci√≥n,2025-05-14_11-15-10-693000
419047,1239,2,UN,1,100,INICIA_GRABACION,2025-05-14_11-15-10-694000
419047,1240,4,EM,1,100,RS,RB,2025-05-14_11-15-10-693000.csv,PS,MN
419048,1241,1,PI,1,100,177962
419048,1242,1,PR,1,100,150239
419048,1243,1,PG,1,100,13640
419048,1244,9,AX,1,100,-0.992,-0.981,-0.980,-0.985,-0.980,-0.990,-0.980,-0.985,-0.980
419048,1245,9,AY,1,100,0.100,0.102,0.109,0.104,0.107,0.104,0.109,0.103,0.108
419048,1246,9,AZ,1,100,-0.469,-0.456,-0.453,-0.466,-0.459,-0.460,-0.459,-0.463,-0.457
419048,1247,9,GX,1,100,-0.122,-1.465,-1.160,-0.366,-0.092,-0.153,-1.129,-0.702,-1.068
419048,1248,9,GY,1,100,-0.031,-0.458,-0.305,0.214,0.153,-0.244,0.122,0.122,-0.458
419048,1249,9,GZ,1,100,-0.549,-0.153,0.366,-0.397,-0.793,-0.031,0.061,-0.061,-0.366
419048,1250,9,MX,1,100,74,75,74,74,74,75,74,75,74
419048,1251,9,MY,1,100,-37,-38,-38,-38,-38,-37,-38,-38,-38
419048,1252,9,MZ,1,100,-25,-24,-24,-24,-23,-24,-24,-24,-24
419127,1253,1,SF,1,100,11.1676
419153,1254,3,PI,1,100,177914,177903,177899
419153,1255,3,PR,1,100,150225,150210,150212
419153,1256,3,PG,1,100,13603,13578,13573
419127,1257,2,EA,1,100,0.482774,0.482540
419127,1258,2,EL,1,100,-16706.800781,-16705.400391
419120,1259,1,T1,1,100,33.727
419134,1260,1,TH,1,100,31.195
419153,1261,4,AX,1,100,-0.981,-0.981,-0.977,-0.996
419153,1262,4,AY,1,100,0.109,0.108,0.108,0.099
419153,1263,4,AZ,1,100,-0.465,-0.460,-0.462,-0.461
419153,1264,4,GX,1,100,-0.732,-0.671,-1.129,-1.465
419153,1265,4,GY,1,100,-0.214,0.214,-0.305,-0.641
419153,1266,4,GZ,1,100,0.031,0.153,-0.763,-1.251
419153,1267,4,MX,1,100,74,76,74,74
419153,1268,4,MY,1,100,-38,-38,-37,-38
419153,1269,4,MZ,1,100,-23,-23,-24,-24
419248,1270,4,EM,1,100,RS,RB,2025-05-14_11-15-10-693000.csv,PS,MN
419248,1270,4,EM,1,100,RS,RB,2025-05-14_11-15-10-693000.csv,PS,MN
419229,1271,2,PI,1,100,177892,177914
419229,1272,2,PR,1,100,150210,150219
419229,1273,2,PG,1,100,13584,13587
419191,1274,1,EA,1,100,0.482406
419191,1275,1,EL,1,100,-16704.599609
419248,1276,1,T1,1,100,33.740
419229,1277,2,AX,1,100,-0.977,-0.977
419229,1278,2,AY,1,100,0.111,0.107
419229,1279,2,AZ,1,100,-0.455,-0.457
419229,1280,2,GX,1,100,-0.885,-0.977
419229,1281,2,GY,1,100,-0.092,0.031
419229,1282,2,GZ,1,100,0.366,-0.031
419229,1283,2,MX,1,100,74,75
419229,1284,2,MY,1,100,-37,-38
419229,1285,2,MZ,1,100,-26,-25
419345,1298,3,GY,1,100,0.214,0.153,0.092
419345,1299,3,GZ,1,100,-1.038,-0.702,0.122
419345,1300,3,MX,1,100,75,75,74
419345,1301,3,MY,1,100,-39,-38,-38
419345,1302,3,MZ,1,100,-24,-24,-23
419351,1303,1,BV,1,100,4.08
419351,1304,1,B%,1,100,95
419449,1305,4,EM,1,100,RS,RB,2025-05-14_11-15-10-693000.csv,PS,MN
419449,1305,4,EM,1,100,RS,RB,2025-05-14_11-15-10-693000.csv,PS,MN
419448,1306,1,SF,1,100,11.0384
419422,1307,2,PI,1,100,177921,177934
419422,1308,2,PR,1,100,150222,150223
419422,1309,2,PG,1,100,13603,13604
419448,1310,2,EA,1,100,0.482306,0.482173
419448,1311,2,EL,1,100,-16704.000000,-16703.199219
419378,1312,1,T1,1,100,33.675
419390,1313,1,TH,1,100,31.138
419422,1314,2,AX,1,100,-0.982,-0.986
419422,1315,2,AY,1,100,0.103,0.101
419422,1316,2,AZ,1,100,-0.465,-0.468
419422,1317,2,GX,1,100,0.549,0.488
419422,1318,2,GY,1,100,0.427,0.214
419422,1319,2,GZ,1,100,-0.702,-0.916
419422,1320,2,MX,1,100,75,76
419422,1321,2,MY,1,100,-38,-38
419422,1322,2,MZ,1,100,-24,-24
419538,1323,3,PI,1,100,177930,177945,177953
419538,1324,3,PR,1,100,150214,150219,150223
419538,1325,3,PG,1,100,13613,13633,13627
419512,1326,1,EA,1,100,0.482139
419512,1327,1,EL,1,100,-16703.000000
419506,1328,1,T1,1,100,33.717
419519,1329,1,TH,1,100,31.183
419538,1330,3,AX,1,100,-0.980,-0.983,-0.984
419538,1331,3,AY,1,100,0.109,0.102,0.102
419538,1332,3,AZ,1,100,-0.457,-0.458,-0.470
419538,1333,3,GX,1,100,-0.885,-1.373,-0.214
419538,1334,3,GY,1,100,-0.214,-0.183,0.153
419538,1335,3,GZ,1,100,0.183,0.000,-0.763
419538,1336,3,MX,1,100,75,75,74
419538,1337,3,MY,1,100,-38,-37,-39
419538,1338,3,MZ,1,100,-24,-24,-24
419650,1339,4,EM,1,100,RS,RB,2025-05-14_11-15-10-693000.csv,PS,MN
419650,1339,4,EM,1,100,RS,RB,2025-05-14_11-15-10-693000.csv,PS,MN
419654,1340,3,PI,1,100,177948,177978,177986
419654,1341,3,PR,1,100,150234,150236,150237
419654,1342,3,PG,1,100,13650,13651,13667
419641,1343,2,EA,1,100,0.482139,0.482173
419641,1344,2,EL,1,100,-16703.000000,-16703.199219
419635,1345,1,T1,1,100,33.630
419648,1346,1,TH,1,100,31.183
419654,1347,3,AX,1,100,-0.982,-0.979,-0.980
419654,1348,3,AY,1,100,0.106,0.110,0.104
419654,1349,3,AZ,1,100,-0.458,-0.461,-0.461
419654,1350,3,GX,1,100,-1.282,-1.404,-0.641
419654,1351,3,GY,1,100,-0.366,-0.366,0.122
419654,1352,3,GZ,1,100,-0.153,0.183,-0.153
419654,1353,3,MX,1,100,74,74,76
419654,1354,3,MY,1,100,-38,-38,-38
419654,1355,3,MZ,1,100,-25,-24,-24
419705,1356,1,SF,1,100,10.9107
419732,1357,2,PI,1,100,177990,178001
419732,1358,2,PR,1,100,150250,150251
419732,1359,2,PG,1,100,13669,13680
419705,1360,1,EA,1,100,0.482039
419705,1361,1,EL,1,100,-16702.400391
419732,1362,2,AX,1,100,-0.979,-0.982
419732,1363,2,AY,1,100,0.107,0.103
419732,1364,2,AZ,1,100,-0.457,-0.469
419732,1365,2,GX,1,100,-0.854,-0.854
419732,1366,2,GY,1,100,-0.336,-0.153
419732,1367,2,GZ,1,100,-0.702,-0.732
419732,1368,2,MX,1,100,75,76
419732,1369,2,MY,1,100,-38,-38
419732,1370,2,MZ,1,100,-25,-24
419851,1371,4,EM,1,100,RS,RB,2025-05-14_11-15-10-693000.csv,PS,MN
419851,1371,4,EM,1,100,RS,RB,2025-05-14_11-15-10-693000.csv,PS,MN
419846,1372,3,PI,1,100,178000,178012,178012
419846,1373,3,PR,1,100,150247,150244,150261
419846,1374,3,PG,1,100,13685,13694,13700
419833,1375,2,EA,1,100,0.481939,0.482139
419833,1376,2,EL,1,100,-16701.800781,-16703.000000
419764,1377,1,T1,1,100,33.627
419776,1378,1,TH,1,100,31.207
419846,1379,3,AX,1,100,-0.979,-0.981,-0.982
419846,1380,3,AY,1,100,0.109,0.107,0.104
419846,1381,3,AZ,1,100,-0.449,-0.463,-0.467
419846,1382,3,GX,1,100,-1.068,-1.038,-0.031
419846,1383,3,GY,1,100,-0.122,-0.214,0.000
419846,1384,3,GZ,1,100,0.641,-0.031,-0.946
419846,1385,3,MX,1,100,74,75,75
419846,1386,3,MY,1,100,-38,-37,-38
419846,1387,3,MZ,1,100,-24,-24,-23
419927,1390,2,RD,1,100,TL,TU
419923,1388,2,AK,1,100,600,RD
419927,1389,2,AK,1,100,600,RD
419927,1390,2,RD,1,100,TL,TU
420041,1391,2,AK,1,100,1390,RD
420026,1392,1,SF,1,100,10.7845
420013,1393,4,PI,1,100,178020,178033,177975,177938
420013,1394,4,PR,1,100,150258,150255,150225,150227
420013,1395,4,PG,1,100,13719,13711,13687,13642
420026,1396,3,EA,1,100,0.482173,0.481839,0.481806
420026,1397,3,EL,1,100,-16703.199219,-16701.199219,-16701.000000
420019,1398,2,T1,1,100,33.697,33.727
420032,1399,2,TH,1,100,31.207,31.227
420038,1400,5,AX,1,100,-0.976,-0.975,-0.981,-0.984,-0.979
420038,1401,5,AY,1,100,0.112,0.107,0.110,0.101,0.106
420038,1402,5,AZ,1,100,-0.455,-0.454,-0.464,-0.462,-0.451
420038,1403,5,GX,1,100,-1.831,-1.587,-0.214,-0.519,-1.343
420038,1404,5,GY,1,100,-0.427,-0.214,0.214,-0.366,-0.336
420038,1405,5,GZ,1,100,0.000,0.305,-0.519,-0.549,0.092
420038,1406,5,MX,1,100,74,74,75,74,75
420038,1407,5,MY,1,100,-38,-37,-37,-36,-38
420038,1408,5,MZ,1,100,-24,-23,-24,-25,-25
420113,1409,4,EM,1,100,RS,RB,2025-05-14_11-15-10-693000.csv,PS,MN
420113,1409,4,EM,1,100,RS,RB,2025-05-14_11-15-10-693000.csv,PS,MN
420128,1410,3,PI,1,100,177901,177898,177902
420128,1411,3,PR,1,100,150203,150191,150200
420128,1412,3,PG,1,100,13616,13613,13610
420089,1413,1,EA,1,100,0.481806
420089,1414,1,EL,1,100,-16701.000000
420116,1415,2,AX,1,100,-0.985,-0.976
420116,1416,2,AY,1,100,0.105,0.113
420116,1417,2,AZ,1,100,-0.466,-0.462
420116,1418,2,GX,1,100,-1.007,-0.732
420116,1419,2,GY,1,100,-0.031,0.000
420116,1420,2,GZ,1,100,-0.397,-0.488
420116,1421,2,MX,1,100,76,74
420116,1422,2,MY,1,100,-38,-37
420116,1423,2,MZ,1,100,-24,-25
420205,1424,2,PI,1,100,177908,177911
420205,1425,2,PR,1,100,150204,150204
420205,1426,2,PG,1,100,13609,13619
420218,1427,2,EA,1,100,0.481773,0.481706
420218,1428,2,EL,1,100,-16700.800781,-16700.400391
420148,1429,1,T1,1,100,33.705
420161,1430,1,TH,1,100,31.227
420232,1431,3,AX,1,100,-0.986,-0.982,-0.982
420232,1432,3,AY,1,100,0.108,0.109,0.109
420232,1433,3,AZ,1,100,-0.456,-0.459,-0.461
420232,1434,3,GX,1,100,-1.099,-0.916,0.031
420232,1435,3,GY,1,100,-0.488,-0.153,0.183
420232,1436,3,GZ,1,100,-0.244,-0.397,-0.427
420232,1437,3,MX,1,100,75,75,76
420232,1438,3,MY,1,100,-38,-38,-39
420232,1439,3,MZ,1,100,-24,-25,-24
420314,1440,4,EM,1,100,RS,RB,2025-05-14_11-15-10-693000.csv,PS,MN
420314,1440,4,EM,1,100,RS,RB,2025-05-14_11-15-10-693000.csv,PS,MN
420324,1441,3,PI,1,100,177909,177912,177916
420324,1442,3,PR,1,100,150194,150205,150197
420324,1443,3,PG,1,100,13627,13619,13628
420285,1444,1,EA,1,100,0.481606
420285,1445,1,EL,1,100,-16699.800781
420278,1446,1,T1,1,100,33.766
420292,1447,1,TH,1,100,31.192
420311,1448,2,AX,1,100,-0.984,-0.983
420311,1449,2,AY,1,100,0.107,0.107
420311,1450,2,AZ,1,100,-0.457,-0.459
420311,1451,2,GX,1,100,-0.793,-0.244
420311,1452,2,GY,1,100,-0.305,-0.031
420311,1453,2,GZ,1,100,-0.427,-0.305
420311,1454,2,MX,1,100,75,75
420311,1455,2,MY,1,100,-38,-37
420311,1456,2,MZ,1,100,-23,-24
420442,1457,1,BI,1,100,1120
420442,1458,1,HR,1,100,97.80
420417,1459,1,SF,1,100,10.6598
420442,1460,3,PI,1,100,177920,177924,177934
420442,1461,3,PR,1,100,150197,150200,150214
420442,1462,3,PG,1,100,13629,13641,13650
420417,1463,2,EA,1,100,0.481307,0.481274
420417,1464,2,EL,1,100,-16698.000000,-16697.800781
420410,1465,1,T1,1,100,33.792
420424,1466,1,TH,1,100,31.192
420429,1467,3,AX,1,100,-0.978,-0.983,-0.984
420429,1468,3,AY,1,100,0.107,0.109,0.105
420429,1469,3,AZ,1,100,-0.462,-0.463,-0.497
420429,1470,3,GX,1,100,0.122,-0.214,-1.251
420429,1471,3,GY,1,100,0.336,0.031,-0.519
420429,1472,3,GZ,1,100,-0.153,-0.305,-0.458
420429,1473,3,MX,1,100,74,75,75
420429,1474,3,MY,1,100,-37,-38,-38
420429,1475,3,MZ,1,100,-24,-24,-24
420515,1476,4,EM,1,100,RS,RB,2025-05-14_11-15-10-693000.csv,PS,MN
420515,1476,4,EM,1,100,RS,RB,2025-05-14_11-15-10-693000.csv,PS,MN
420520,1477,2,PI,1,100,177936,177989
420520,1478,2,PR,1,100,150202,150258
420520,1479,2,PG,1,100,13654,13667
420481,1480,1,EA,1,100,0.481307
420481,1481,1,EL,1,100,-16698.000000
420540,1482,1,T1,1,100,33.733
420507,1483,2,AX,1,100,-0.980,-1.012
420507,1484,2,AY,1,100,0.119,0.141
420507,1485,2,AZ,1,100,-0.652,-0.644
420507,1486,2,GX,1,100,-12.451,-68.176
420507,1487,2,GY,1,100,-2.319,-4.944
420507,1488,2,GZ,1,100,-0.092,2.655
420507,1489,2,MX,1,100,74,76
420507,1490,2,MY,1,100,-38,-38
420507,1491,2,MZ,1,100,-24,-22
420634,1492,3,PI,1,100,178110,178175,178171
420634,1493,3,PR,1,100,150380,150504,150539
420634,1494,3,PG,1,100,13695,13734,13753
420609,1495,2,EA,1,100,0.481008,0.480875
420609,1496,2,EL,1,100,-16696.199219,-16695.400391
420552,1497,1,TH,1,100,31.212
420622,1498,3,AX,1,100,-0.928,-0.944,-1.132
420622,1499,3,AY,1,100,0.174,0.188,-0.181
420622,1500,3,AZ,1,100,-0.518,-0.139,0.858
420622,1501,3,GX,1,100,-155.426,-209.015,-135.742
420622,1502,3,GY,1,100,-1.831,-5.859,-27.771
420622,1503,3,GZ,1,100,15.747,15.015,-7.324
420622,1504,3,MX,1,100,78,80,79
420622,1505,3,MY,1,100,-38,-38,-38
420622,1506,3,MZ,1,100,-17,-14,-12
420716,1507,4,EM,1,100,RS,RB,2025-05-14_11-15-10-693000.csv,PS,MN
420716,1507,4,EM,1,100,RS,RB,2025-05-14_11-15-10-693000.csv,PS,MN
420737,1508,1,SF,1,100,10.5364
420710,1509,2,PI,1,100,178316,178073
420710,1510,2,PR,1,100,150669,150200
420710,1511,2,PG,1,100,13802,13736
420737,1512,2,EA,1,100,0.480809,0.479882
420737,1513,2,EL,1,100,-16695.000000,-16689.400391
420666,1514,1,T1,1,100,33.743
420679,1515,1,TH,1,100,31.212
420737,1516,3,AX,1,100,-0.818,-0.792,-1.120
420737,1517,3,AY,1,100,-0.313,0.198,-0.307
420737,1518,3,AZ,1,100,-0.295,-2.066,-0.374
420737,1519,3,GX,1,100,270.905,624.237,190.521
420737,1520,3,GY,1,100,7.294,82.214,17.334
420737,1521,3,GZ,1,100,3.052,-4.028,-45.502
420737,1522,3,MX,1,100,77,69,67
420737,1523,3,MY,1,100,-38,-36,-38
420737,1524,3,MZ,1,100,-23,-33,-32
420826,1525,3,PI,1,100,177576,177589,177749
420826,1526,3,PR,1,100,149051,148776,148965
420826,1527,3,PG,1,100,13523,13446,13461
420801,1528,1,EA,1,100,0.478169
420801,1529,1,EL,1,100,-16679.000000
420795,1530,1,T1,1,100,33.747
420808,1531,1,TH,1,100,31.317
420853,1532,3,AX,1,100,-0.939,-0.928,-0.956
420853,1533,3,AY,1,100,-0.081,0.050,-0.023
420853,1534,3,AZ,1,100,-0.967,-0.626,0.094
420853,1535,3,GX,1,100,-85.602,-121.887,-259.766
420853,1536,3,GY,1,100,-13.275,-16.479,-30.975
420853,1537,3,GZ,1,100,-24.902,40.314,32.898
420853,1538,3,MX,1,100,68,72,76
420853,1539,3,MY,1,100,-37,-37,-36
420853,1540,3,MZ,1,100,-32,-29,-24
420917,1541,4,EM,1,100,RS,RB,2025-05-14_11-15-10-693000.csv,PS,MN
420917,1541,4,EM,1,100,RS,RB,2025-05-14_11-15-10-693000.csv,PS,MN
420945,1542,3,PI,1,100,178121,178225,177824
420945,1543,3,PR,1,100,149749,150221,149388
420945,1544,3,PG,1,100,13590,13677,13483
420933,1545,2,EA,1,100,0.477907,0.478169
420933,1546,2,EL,1,100,-16677.400391,-16679.000000
420926,1547,1,T1,1,100,33.820
420939,1548,1,TH,1,100,31.317
420933,1549,2,AX,1,100,-0.995,-0.714
420933,1550,2,AY,1,100,-0.035,0.320
420933,1551,2,AZ,1,100,1.042,-2.255
420933,1552,2,GX,1,100,-98.755,462.219
420933,1553,2,GY,1,100,-29.205,35.248
420933,1554,2,GZ,1,100,16.022,-6.287
420933,1555,2,MX,1,100,75,67
420933,1556,2,MY,1,100,-37,-36
420933,1557,2,MZ,1,100,-26,-34
420998,1558,1,SF,1,100,10.4146
421024,1559,2,PI,1,100,175754,174296
421024,1560,2,PR,1,100,146836,145645
421024,1561,2,PG,1,100,12995,12658
420998,1562,1,EA,1,100,0.450678
420998,1563,1,EL,1,100,-16501.199219
421050,1564,3,AX,1,100,-1.177,-1.018,-0.957
421050,1565,3,AY,1,100,-0.250,-0.207,-0.059
421050,1566,3,AZ,1,100,-0.800,-0.854,-0.430
421050,1567,3,GX,1,100,208.710,-87.860,-209.930
421050,1568,3,GY,1,100,-8.972,10.803,2.472
421050,1569,3,GZ,1,100,-40.710,-48.218,27.649
421050,1570,3,MX,1,100,66,67,72
421050,1571,3,MY,1,100,-38,-36,-38
421050,1572,3,MZ,1,100,-33,-32,-30
421118,1573,4,EM,1,100,RS,RB,2025-05-14_11-15-10-693000.csv,PS,MN
421118,1573,4,EM,1,100,RS,RB,2025-05-14_11-15-10-693000.csv,PS,MN
421140,1574,3,PI,1,100,175324,176828,176925
421140,1575,3,PR,1,100,146537,148524,148601
421140,1576,3,PG,1,100,12647,12970,13015
421127,1577,2,EA,1,100,0.442775,0.474038
421127,1578,2,EL,1,100,-16446.000000,-16653.599609
421056,1579,1,T1,1,100,33.674
421069,1580,1,TH,1,100,31.133
421127,1581,2,AX,1,100,-0.923,-0.842
421127,1582,2,AY,1,100,0.039,0.331
421127,1583,2,AZ,1,100,0.852,-1.469
421127,1584,2,GX,1,100,-207.855,204.651
421127,1585,2,GY,1,100,-26.764,7.690
421127,1586,2,GZ,1,100,42.877,17.822
421127,1587,2,MX,1,100,73,70
421127,1588,2,MY,1,100,-36,-35
421127,1589,2,MZ,1,100,-26,-34
421216,1590,2,PI,1,100,176063,176195
421216,1591,2,PR,1,100,147274,147211
421216,1592,2,PG,1,100,12794,12745
421192,1593,1,EA,1,100,0.474038
421192,1594,1,EL,1,100,-16653.599609
421185,1595,1,T1,1,100,33.752
421199,1596,1,TH,1,100,31.133
421242,1597,3,AX,1,100,-0.978,-1.040,-0.906
421242,1598,3,AY,1,100,-0.145,-0.117,-0.153
421242,1599,3,AZ,1,100,-0.568,-1.255,-0.624
421242,1600,3,GX,1,100,195.526,-71.869,-309.174
421242,1601,3,GY,1,100,12.299,8.759,-2.625
421242,1602,3,GZ,1,100,-20.111,-44.647,6.470
421242,1603,3,MX,1,100,67,68,75
421242,1604,3,MY,1,100,-35,-37,-36
421242,1605,3,MZ,1,100,-33,-33,-24
421319,1606,4,EM,1,100,RS,RB,2025-05-14_11-15-10-693000.csv,PS,MN
421319,1606,4,EM,1,100,RS,RB,2025-05-14_11-15-10-693000.csv,PS,MN
421320,1607,1,SF,1,100,10.2941
421332,1608,3,PI,1,100,177186,177600,177840
421332,1609,3,PR,1,100,148563,149660,149999
421332,1610,3,PG,1,100,12962,13195,13306
421320,1611,2,EA,1,100,0.473684,0.476730
421320,1612,2,EL,1,100,-16651.400391,-16670.199219
421313,1613,1,T1,1,100,33.680
421327,1614,1,TH,1,100,31.247
421346,1615,3,AX,1,100,-0.985,-1.057,-0.656
421346,1616,3,AY,1,100,-0.405,0.008,0.315
421346,1617,3,AZ,1,100,1.379,-0.341,-1.628
421346,1618,3,GX,1,100,-444.489,113.678,599.670
421346,1619,3,GY,1,100,-43.365,-53.833,59.784
421346,1620,3,GZ,1,100,33.722,18.188,10.468
421346,1621,3,MX,1,100,79,75,70
421346,1622,3,MY,1,100,-36,-36,-36
421346,1623,3,MZ,1,100,-18,-26,-34
421451,1624,3,PI,1,100,177161,176469,176779
421451,1625,3,PR,1,100,148781,147341,147580
421451,1626,3,PG,1,100,13133,12849,12853
421451,1627,2,EA,1,100,0.474523,0.460749
421451,1628,2,EL,1,100,-16656.599609,-16568.800781
421444,1629,1,T1,1,100,33.791
421458,1630,1,TH,1,100,31.247
421425,1631,2,AX,1,100,-1.251,-0.943
421425,1632,2,AY,1,100,-0.241,-0.212
421425,1633,2,AZ,1,100,-0.853,-0.998
421425,1634,2,GX,1,100,120.483,-108.063
421425,1635,2,GY,1,100,-2.075,20.966
421425,1636,2,GZ,1,100,-60.211,-61.890
421425,1637,2,MX,1,100,67,69
421425,1638,2,MY,1,100,-36,-36
421425,1639,2,MZ,1,100,-32,-31
421520,1640,4,EM,1,100,RS,RB,2025-05-14_11-15-10-693000.csv,PS,MN
421520,1640,4,EM,1,100,RS,RB,2025-05-14_11-15-10-693000.csv,PS,MN
421528,1641,1,BI,1,100,1120
421528,1642,1,HR,1,100,87.97
421528,1643,2,PI,1,100,177675,177772
421528,1644,2,PR,1,100,148994,149752
421528,1645,2,PG,1,100,13093,13269
421515,1646,1,EA,1,100,0.473234
421515,1647,1,EL,1,100,-16648.599609
421541,1648,3,AX,1,100,-0.983,-0.902,-1.022
421541,1649,3,AY,1,100,-0.076,-0.260,0.308
421541,1650,3,AZ,1,100,-0.436,1.385,-1.679
421541,1651,3,GX,1,100,-254.608,-273.529,274.353
421541,1652,3,GY,1,100,-13.763,-56.549,-26.062
421541,1653,3,GZ,1,100,23.926,38.544,24.445
421541,1654,3,MX,1,100,73,76,70
421541,1655,3,MY,1,100,-36,-38,-35
421541,1656,3,MZ,1,100,-25,-23,-32
421644,1657,1,SF,1,100,10.1750
421644,1658,3,PI,1,100,177687,176041,174577
421644,1659,3,PR,1,100,149528,146816,145165
421644,1660,3,PG,1,100,13303,12821,12474
421644,1661,2,EA,1,100,0.472592,0.422455
421644,1662,2,EL,1,100,-16644.599609,-16294.599609
421574,1663,1,T1,1,100,33.768
421586,1664,1,TH,1,100,31.205
421657,1665,3,AX,1,100,-0.684,-1.188,-0.927
421657,1666,3,AY,1,100,-0.256,-0.328,-0.172
421657,1667,3,AZ,1,100,-0.035,-0.980,-0.851
421657,1668,3,GX,1,100,466.309,-1.373,-136.230
421657,1669,3,GY,1,100,7.721,-15.564,30.701
421657,1670,3,GZ,1,100,-0.275,-73.120,-22.339
421657,1671,3,MX,1,100,67,65,69
421657,1672,3,MY,1,100,-37,-37,-36
421657,1673,3,MZ,1,100,-33,-34,-32
421721,1674,4,EM,1,100,RS,RB,2025-05-14_11-15-10-693000.csv,PS,MN
421721,1674,4,EM,1,100,RS,RB,2025-05-14_11-15-10-693000.csv,PS,MN
421721,1675,2,PI,1,100,174717,176492
421721,1676,2,PR,1,100,145289,147754
421721,1677,2,PG,1,100,12451,12867
421708,1678,1,EA,1,100,0.438043
421708,1679,1,EL,1,100,-16412.000000
421702,1680,1,T1,1,100,33.687
421715,1681,1,TH,1,100,31.212
421734,1682,2,AX,1,100,-0.983,-0.905
421734,1683,2,AY,1,100,-0.013,-0.144
421734,1684,2,AZ,1,100,-0.511,0.625
421734,1685,2,GX,1,100,-296.875,-349.945
421734,1686,2,GY,1,100,0.061,-51.971
421734,1687,2,GZ,1,100,43.762,38.055
421734,1688,2,MX,1,100,74,79
421734,1689,2,MY,1,100,-36,-37
421734,1690,2,MZ,1,100,-25,-18
421850,1691,1,BI,1,100,320
421850,1692,1,HR,1,100,110.09
421850,1693,3,PI,1,100,176858,177334,176722
421850,1694,3,PR,1,100,148888,149424,148147
421850,1695,3,PG,1,100,13123,13265,13026
421837,1696,2,EA,1,100,0.475072,0.473942
421837,1697,2,EL,1,100,-16660.000000,-16653.000000
421831,1698,1,T1,1,100,33.794
421844,1699,1,TH,1,100,31.245
421850,1700,3,AX,1,100,-1.080,-0.608,-1.241
421850,1701,3,AY,1,100,0.048,0.333,-0.246
421850,1702,3,AZ,1,100,0.542,-2.303,-0.463
421850,1703,3,GX,1,100,0.061,599.762,178.497
421850,1704,3,GY,1,100,-62.897,57.129,-12.177
421850,1705,3,GZ,1,100,15.503,0.610,-60.394
421850,1706,3,MX,1,100,76,68,67
421850,1707,3,MY,1,100,-36,-35,-39
421850,1708,3,MZ,1,100,-24,-33,-34
421924,1709,4,EM,1,100,RS,RB,2025-05-14_11-15-10-693000.csv,PS,MN
421924,1709,4,EM,1,100,RS,RB,2025-05-14_11-15-10-693000.csv,PS,MN
421967,1710,1,SF,1,100,10.0573
421967,1711,3,PI,1,100,176287,176641,177359
421967,1712,3,PR,1,100,146813,147116,148329
421967,1713,3,PG,1,100,12635,12570,12783
421967,1714,2,EA,1,100,0.441316,0.460080
421967,1715,2,EL,1,100,-16435.599609,-16564.400391
421960,1716,1,T1,1,100,33.769
421972,1717,1,TH,1,100,31.245
421967,1718,3,AX,1,100,-1.031,-0.952,-0.940
421967,1719,3,AY,1,100,-0.219,-0.113,-0.202
421967,1720,3,AZ,1,100,-0.918,-0.594,0.759
421967,1721,3,GX,1,100,-113.159,-176.971,-259.644
421967,1722,3,GY,1,100,25.848,16.693,-30.243
421967,1723,3,GZ,1,100,-79.285,20.142,40.222
421967,1724,3,MX,1,100,66,72,75
421967,1725,3,MY,1,100,-36,-36,-37
421967,1726,3,MZ,1,100,-34,-30,-24
422043,1727,2,PI,1,100,177439,177469
422043,1728,2,PR,1,100,149281,149218
422043,1729,2,PG,1,100,13014,13064
422030,1730,1,EA,1,100,0.476632
422030,1731,1,EL,1,100,-16669.599609
422043,1732,2,AX,1,100,-1.009,-0.625
422043,1733,2,AY,1,100,0.188,-0.137
422043,1734,2,AZ,1,100,-0.761,-0.463
422043,1735,2,GX,1,100,70.068,400.024
422043,1736,2,GY,1,100,-41.809,15.015
422043,1737,2,GZ,1,100,29.755,9.247
422043,1738,2,MX,1,100,72,68
422043,1739,2,MY,1,100,-37,-37
422043,1740,2,MZ,1,100,-30,-33
422125,1741,4,EM,1,100,RS,RB,2025-05-14_11-15-10-693000.csv,PS,MN
422125,1741,4,EM,1,100,RS,RB,2025-05-14_11-15-10-693000.csv,PS,MN
422158,1742,3,PI,1,100,176522,176594,177194
422158,1743,3,PR,1,100,147380,147110,147881
422158,1744,3,PG,1,100,12721,12563,12682
422158,1745,2,EA,1,100,0.453051,0.450794
422158,1746,2,EL,1,100,-16517.400391,-16502.000000
422087,1747,1,T1,1,100,33.794
422100,1748,1,TH,1,100,31.197
422158,1749,3,AX,1,100,-1.264,-0.959,-0.988
422158,1750,3,AY,1,100,-0.169,-0.173,-0.097
422158,1751,3,AZ,1,100,-1.044,-0.799,-0.266
422158,1752,3,GX,1,100,10.712,-131.805,-288.086
422158,1753,3,GY,1,100,-8.942,37.994,-2.319
422158,1754,3,GZ,1,100,-56.885,-38.422,26.398
422158,1755,3,MX,1,100,66,69,74
422158,1756,3,MY,1,100,-37,-36,-38
422158,1757,3,MZ,1,100,-33,-30,-26
422274,1758,3,PI,1,100,177635,177731,177469
422274,1759,3,PR,1,100,149266,149729,149081
422274,1760,3,PG,1,100,12971,13120,13045
422223,1761,1,EA,1,100,0.475851
422223,1762,1,EL,1,100,-16664.800781
422216,1763,1,T1,1,100,33.769
422229,1764,1,TH,1,100,31.197
422274,1765,3,AX,1,100,-0.967,-0.930,-0.811
422274,1766,3,AY,1,100,-0.095,0.312,-0.173
422274,1767,3,AZ,1,100,1.166,-1.622,-0.310
422274,1768,3,GX,1,100,-226.746,305.084,338.440
422274,1769,3,GY,1,100,-49.347,-19.379,16.205
422274,1770,3,GZ,1,100,34.576,21.210,-9.399
422274,1771,3,MX,1,100,76,70,68
422274,1772,3,MY,1,100,-37,-36,-36
422274,1773,3,MZ,1,100,-24,-32,-33
422326,1774,4,EM,1,100,RS,RB,2025-05-14_11-15-10-693000.csv,PS,MN
422326,1774,4,EM,1,100,RS,RB,2025-05-14_11-15-10-693000.csv,PS,MN
422352,1775,1,SF,1,100,9.9410
422352,1776,2,PI,1,100,176832,177281
422352,1777,2,PR,1,100,147602,147943
422352,1778,2,PG,1,100,12776,12781
422352,1779,2,EA,1,100,0.476632,0.471824
422352,1780,2,EL,1,100,-16669.599609,-16639.800781
422345,1781,1,T1,1,100,33.829
422358,1782,1,TH,1,100,31.220
422352,1783,2,AX,1,100,-1.129,-0.961
422352,1784,2,AY,1,100,-0.129,-0.175
422352,1785,2,AZ,1,100,-1.171,-0.737
422352,1786,2,GX,1,100,-75.867,-233.704
422352,1787,2,GY,1,100,9.216,43.274
422352,1788,2,GZ,1,100,-67.047,-22.919
422352,1789,2,MX,1,100,69,74
422352,1790,2,MY,1,100,-38,-36
422352,1791,2,MZ,1,100,-31,-28
422468,1792,3,PI,1,100,177829,177887,177765
422468,1793,3,PR,1,100,149155,149778,149510
422468,1794,3,PG,1,100,13013,13189,13199
422480,1795,2,EA,1,100,0.477743,0.479948
422480,1796,2,EL,1,100,-16676.400391,-16689.800781
422473,1797,1,T1,1,100,33.820
422468,1798,3,AX,1,100,-1.032,-0.972,-0.559
422468,1799,3,AY,1,100,-0.447,0.090,0.178
422468,1800,3,AZ,1,100,1.108,-0.541,-1.218
422468,1801,3,GX,1,100,-357.422,69.305,495.422
422468,1802,3,GY,1,100,-11.658,-40.588,20.782
422468,1803,3,GZ,1,100,25.269,33.813,33.020
422468,1804,3,MX,1,100,77,73,70
422468,1805,3,MY,1,100,-37,-35,-35
422468,1806,3,MZ,1,100,-22,-30,-32
422527,1807,4,EM,1,100,RS,RB,2025-05-14_11-15-10-693000.csv,PS,MN
422527,1807,4,EM,1,100,RS,RB,2025-05-14_11-15-10-693000.csv,PS,MN
422545,1808,2,PI,1,100,177001,177327
422545,1809,2,PR,1,100,148042,148083
422545,1810,2,PG,1,100,12936,12919
422545,1811,1,EA,1,100,0.478301
422545,1812,1,EL,1,100,-16679.800781
422487,1813,1,TH,1,100,31.220
422584,1814,3,AX,1,100,-1.198,-1.004,-0.956
422584,1815,3,AY,1,100,-0.128,-0.218,-0.296
422584,1816,3,AZ,1,100,-0.931,-0.691,0.378
422584,1817,3,GX,1,100,30.640,-176.514,-220.978
422584,1818,3,GY,1,100,-7.385,48.218,-14.832
422584,1819,3,GZ,1,100,-57.159,-77.789,9.186
422584,1820,3,MX,1,100,69,70,73
422584,1821,3,MY,1,100,-37,-36,-37
422584,1822,3,MZ,1,100,-33,-29,-27
422619,1823,1,BI,1,100,800
422619,1824,1,HR,1,100,102.29
422672,1825,1,SF,1,100,9.8260
422659,1826,3,PI,1,100,177725,177867,177706
422659,1827,3,PR,1,100,149003,149657,149352
422659,1828,3,PG,1,100,13087,13236,13224
422672,1829,2,EA,1,100,0.479288,0.479353
422672,1830,2,EL,1,100,-16685.800781,-16686.199219
422603,1831,1,T1,1,100,33.851
422616,1832,1,TH,1,100,31.282
422659,1833,2,AX,1,100,-1.032,-0.635
422659,1834,2,AY,1,100,0.124,0.088
422659,1835,2,AZ,1,100,-0.473,-0.802
422659,1836,2,GX,1,100,37.079,354.065
422659,1837,2,GY,1,100,-37.811,3.937
422659,1838,2,GZ,1,100,36.896,37.872
422659,1839,2,MX,1,100,71,68
422659,1840,2,MY,1,100,-36,-35
422659,1841,2,MZ,1,100,-31,-34
422728,1842,4,EM,1,100,RS,RB,2025-05-14_11-15-10-693000.csv,PS,MN
422728,1842,4,EM,1,100,RS,RB,2025-05-14_11-15-10-693000.csv,PS,MN
422286,1843,1,SA,1,100,0.002721
422286,1844,1,SR,1,100,0.400000
422775,1845,3,PI,1,100,176862,177119,177581
422775,1846,3,PR,1,100,147750,147791,148559
422775,1847,3,PG,1,100,12942,12857,12933
422737,1848,1,EA,1,100,0.476404
422737,1849,1,EL,1,100,-16668.199219
422731,1850,1,T1,1,100,33.758
422743,1851,1,TH,1,100,31.282
422775,1852,3,AX,1,100,-1.124,-0.961,-0.983
422775,1853,3,AY,1,100,-0.090,-0.115,-0.066
422775,1854,3,AZ,1,100,-0.814,-0.712,-0.422
422775,1855,3,GX,1,100,26.581,-102.386,-178.070
422775,1856,3,GY,1,100,-34.912,22.095,2.716
422775,1857,3,GZ,1,100,-19.592,-39.612,4.517
422775,1858,3,MX,1,100,67,69,72
422775,1859,3,MY,1,100,-36,-36,-37
422775,1860,3,MZ,1,100,-34,-32,-27
422853,1861,1,BI,1,100,240
422853,1862,1,HR,1,100,135.12
422853,1863,2,PI,1,100,177728,177726
422853,1864,2,PR,1,100,149413,149631
422853,1865,2,PG,1,100,13073,13145
422865,1866,2,EA,1,100,0.478235,0.479419
422865,1867,2,EL,1,100,-16679.400391,-16686.599609
422859,1868,1,T1,1,100,33.789
422872,1869,1,TH,1,100,31.334
422853,1870,2,AX,1,100,-0.974,-0.923
422853,1871,2,AY,1,100,-0.100,0.229
422853,1872,2,AZ,1,100,0.727,-1.329
422853,1873,2,GX,1,100,-150.391,183.105
422853,1874,2,GY,1,100,-30.334,-3.906
422853,1875,2,GZ,1,100,20.538,18.188
422853,1876,2,MX,1,100,73,69
422853,1877,2,MY,1,100,-37,-35
422853,1878,2,MZ,1,100,-28,-33
422929,1879,4,EM,1,100,RS,RB,2025-05-14_11-15-10-693000.csv,PS,MN
422929,1879,4,EM,1,100,RS,RB,2025-05-14_11-15-10-693000.csv,PS,MN
422930,1880,1,SF,1,100,11.7945
422969,1881,3,PI,1,100,177266,176995,177376
422969,1882,3,PR,1,100,148733,147892,148326
422969,1883,3,PG,1,100,13000,12818,12874
422930,1884,1,EA,1,100,0.478038
422930,1885,1,EL,1,100,-16678.199219
422969,1886,3,AX,1,100,-0.823,-1.080,-0.979
422969,1887,3,AY,1,100,-0.135,-0.138,-0.118
422969,1888,3,AZ,1,100,-0.384,-1.005,-0.526
422969,1889,3,GX,1,100,255.096,-49.194,-163.757
422969,1890,3,GY,1,100,16.663,-9.277,15.045
422969,1891,3,GZ,1,100,0.671,-42.511,-13.092
422969,1892,3,MX,1,100,68,69,72
422969,1893,3,MY,1,100,-36,-36,-37
422969,1894,3,MZ,1,100,-34,-32,-28
423045,1895,1,BI,1,100,200
423045,1896,1,HR,1,100,171.76
423085,1897,3,PI,1,100,177766,177860,177521
423085,1898,3,PR,1,100,149305,149732,149056
423085,1899,3,PG,1,100,13050,13157,13051
423058,1900,2,EA,1,100,0.477710,0.478498
423058,1901,2,EL,1,100,-16676.199219,-16681.000000
422988,1902,1,T1,1,100,33.767
423001,1903,1,TH,1,100,31.334
423085,1904,3,AX,1,100,-0.964,-0.986,-0.732
423085,1905,3,AY,1,100,-0.195,0.118,-0.109
423085,1906,3,AZ,1,100,0.627,-0.627,-0.649
423085,1907,3,GX,1,100,-220.520,82.703,350.037
423085,1908,3,GY,1,100,-29.694,-30.579,21.362
423085,1909,3,GZ,1,100,24.963,22.980,7.019
423085,1910,3,MX,1,100,73,71,68
423085,1911,3,MY,1,100,-37,-36,-37
423085,1912,3,MZ,1,100,-26,-30,-32
423133,1913,4,EM,1,100,RS,RB,2025-05-14_11-15-10-693000.csv,PS,MN
423133,1913,4,EM,1,100,RS,RB,2025-05-14_11-15-10-693000.csv,PS,MN
423162,1914,2,PI,1,100,176820,177022
423162,1915,2,PR,1,100,147661,147781
423162,1916,2,PG,1,100,12785,12746
423187,1917,2,EA,1,100,0.476274,0.474975
423187,1918,2,EL,1,100,-16667.400391,-16659.400391
423117,1919,1,T1,1,100,33.793
423129,1920,1,TH,1,100,31.162
423162,1921,2,AX,1,100,-1.174,-0.969
423162,1922,2,AY,1,100,-0.154,-0.143
423162,1923,2,AZ,1,100,-0.919,-0.625
423162,1924,2,GX,1,100,12.268,-101.410
423162,1925,2,GY,1,100,-14.587,24.597
423162,1926,2,GZ,1,100,-41.321,-29.633
423162,1927,2,MX,1,100,67,67
423162,1928,2,MY,1,100,-37,-37
423162,1929,2,MZ,1,100,-32,-30
423276,1930,1,BI,1,100,240
423276,1931,1,HR,1,100,189.15
423251,1932,1,SF,1,100,11.6581
423276,1933,3,PI,1,100,177645,177893,177718
423276,1934,3,PR,1,100,148666,149443,149179
423276,1935,3,PG,1,100,12895,13064,13078
423251,1936,1,EA,1,100,0.477776
423251,1937,1,EL,1,100,-16676.599609
423244,1938,1,T1,1,100,33.769
423257,1939,1,TH,1,100,31.162
423276,1940,3,AX,1,100,-0.964,-1.018,-0.804
423276,1941,3,AY,1,100,-0.076,0.032,0.215
423276,1942,3,AZ,1,100,-0.139,0.467,-1.600
423276,1943,3,GX,1,100,-181.671,-74.463,270.844
423276,1944,3,GY,1,100,-2.197,-29.907,15.656
423276,1945,3,GZ,1,100,18.311,21.210,9.583
423276,1946,3,MX,1,100,71,71,66
423276,1947,3,MY,1,100,-36,-38,-37
423276,1948,3,MZ,1,100,-28,-29,-34
423335,1949,4,EM,1,100,RS,RB,2025-05-14_11-15-10-693000.csv,PS,MN
423335,1949,4,EM,1,100,RS,RB,2025-05-14_11-15-10-693000.csv,PS,MN
423187,1950,1,SA,1,100,0.002801
423187,1951,1,SR,1,100,0.066667
423354,1952,2,PI,1,100,176662,176736
423354,1953,2,PR,1,100,147586,147454
423354,1954,2,PG,1,100,12796,12705
423380,1955,2,EA,1,100,0.475202,0.466768
423380,1956,2,EL,1,100,-16660.800781,-16607.800781
423373,1957,1,T1,1,100,33.687
423386,1958,1,TH,1,100,31.232
423380,1959,3,AX,1,100,-1.091,-0.979,-0.988
423380,1960,3,AY,1,100,-0.129,-0.144,-0.112
423380,1961,3,AZ,1,100,-0.574,-0.826,-0.490
423380,1962,3,GX,1,100,116.150,-77.118,-186.371
423380,1963,3,GY,1,100,-5.157,14.801,12.878
423380,1964,3,GZ,1,100,-25.757,-43.030,4.761
423380,1965,3,MX,1,100,66,67,71
423380,1966,3,MY,1,100,-38,-38,-37
423380,1967,3,MZ,1,100,-34,-32,-30
423483,1968,1,BI,1,100,200
423483,1969,1,HR,1,100,213.78
423483,1970,3,PI,1,100,177376,177849,177846
423483,1971,3,PR,1,100,148194,149338,149717
423483,1972,3,PG,1,100,12820,13059,13163
423443,1973,1,EA,1,100,0.475397
423443,1974,1,EL,1,100,-16662.000000
423457,1975,2,AX,1,100,-0.976,-0.942
423457,1976,2,AY,1,100,0.028,0.048
423457,1977,2,AZ,1,100,-0.170,0.548
423457,1978,2,GX,1,100,-220.093,-80.688
423457,1979,2,GY,1,100,-15.961,-24.689
423457,1980,2,GZ,1,100,24.231,19.989
423457,1981,2,MX,1,100,74,74
423457,1982,2,MY,1,100,-37,-37
423457,1983,2,MZ,1,100,-26,-27
423537,1984,4,EM,1,100,RS,RB,2025-05-14_11-15-10-693000.csv,PS,MN
423537,1984,4,EM,1,100,RS,RB,2025-05-14_11-15-10-693000.csv,PS,MN
423576,1985,1,SF,1,100,13.6055
423562,1986,2,PI,1,100,177898,177451
423562,1987,2,PR,1,100,149683,148792
423562,1988,2,PG,1,100,13193,13054
423576,1989,2,EA,1,100,0.477842,0.477645
423576,1990,2,EL,1,100,-16677.000000,-16675.800781
423503,1991,1,T1,1,100,33.723
423517,1992,1,TH,1,100,31.232
423576,1993,3,AX,1,100,-0.957,-0.876,-1.078
423576,1994,3,AY,1,100,0.187,-0.191,-0.179
423576,1995,3,AZ,1,100,-1.266,-0.558,-0.761
423576,1996,3,GX,1,100,250.732,231.842,-68.329
423576,1997,3,GY,1,100,7.172,23.224,-4.517
423576,1998,3,GZ,1,100,-0.153,-24.658,-46.326
423576,1999,3,MX,1,100,69,66,67
423576,2000,3,MY,1,100,-36,-36,-37
423576,2001,3,MZ,1,100,-33,-32,-33
423680,2002,3,PI,1,100,177473,177686,177822
423680,2003,3,PR,1,100,148517,148937,149408
423680,2004,3,PG,1,100,12956,12968,13020
423642,2005,1,EA,1,100,0.477350
423642,2006,1,EL,1,100,-16674.000000
423635,2007,1,T1,1,100,33.738
423649,2008,1,TH,1,100,31.207
423693,2009,3,AX,1,100,-0.951,-0.971,-0.921
423693,2010,3,AY,1,100,-0.076,0.050,0.083
423693,2011,3,AZ,1,100,-0.501,-0.290,-0.107
423693,2012,3,GX,1,100,-121.307,-129.608,-65.521
423693,2013,3,GY,1,100,2.686,-22.675,-13.611
423693,2014,3,GZ,1,100,-5.219,23.743,15.137
423693,2015,3,MX,1,100,68,72,73
423693,2016,3,MY,1,100,-38,-38,-38
423693,2017,3,MZ,1,100,-29,-28,-27
423737,2018,4,EM,1,100,RS,RB,2025-05-14_11-15-10-693000.csv,PS,MN
423737,2018,4,EM,1,100,RS,RB,2025-05-14_11-15-10-693000.csv,PS,MN
423758,2019,2,PI,1,100,177800,177821
423758,2020,2,PR,1,100,149609,149678
423758,2021,2,PG,1,100,13072,13093
423771,2022,2,EA,1,100,0.477612,0.478563
423771,2023,2,EL,1,100,-16675.599609,-16681.400391
423765,2024,1,T1,1,100,33.780
423777,2025,1,TH,1,100,31.207
423771,2026,2,AX,1,100,-0.973,-0.952
423771,2027,2,AY,1,100,0.047,-0.025
423771,2028,2,AZ,1,100,-0.514,-0.808
423771,2029,2,GX,1,100,58.929,125.610
423771,2030,2,GY,1,100,2.075,24.323
423771,2031,2,GZ,1,100,-4.181,-15.778
423771,2032,2,MX,1,100,71,69
423771,2033,2,MY,1,100,-38,-37
423771,2034,2,MZ,1,100,-29,-30
423874,2035,3,PI,1,100,177751,177689,177707
423874,2036,3,PR,1,100,149547,149433,149467
423874,2037,3,PG,1,100,13082,13074,13085
423835,2038,1,EA,1,100,0.479584
423835,2039,1,EL,1,100,-16687.599609
423893,2040,1,T1,1,100,33.728
423887,2041,3,AX,1,100,-0.994,-0.956,-0.960
423887,2042,3,AY,1,100,-0.073,0.001,0.036
423887,2043,3,AZ,1,100,-0.583,-0.480,-0.436
423887,2044,3,GX,1,100,16.846,-52.368,-41.412
423887,2045,3,GY,1,100,7.751,-7.874,-9.094
423887,2046,3,GZ,1,100,-12.299,-0.610,9.094
423887,2047,3,MX,1,100,70,70,69
423887,2048,3,MY,1,100,-37,-37,-37
423887,2049,3,MZ,1,100,-30,-29,-30
423938,2050,4,EM,1,100,RS,RB,2025-05-14_11-15-10-693000.csv,PS,MN
423938,2050,4,EM,1,100,RS,RB,2025-05-14_11-15-10-693000.csv,PS,MN
423964,2051,1,SF,1,100,13.4481
423990,2052,3,PI,1,100,177727,177740,177726
423990,2053,3,PR,1,100,149517,149559,149561
423990,2054,3,PG,1,100,13095,13106,13115
423964,2055,2,EA,1,100,0.480179,0.480709
423964,2056,2,EL,1,100,-16691.199219,-16694.400391
423906,2057,1,TH,1,100,31.284
423964,2058,2,AX,1,100,-0.958,-0.978
423964,2059,2,AY,1,100,0.042,0.003
423964,2060,2,AZ,1,100,-0.460,-0.511
423964,2061,2,GX,1,100,-19.623,-2.228
423964,2062,2,GY,1,100,-4.211,1.801
423964,2063,2,GZ,1,100,3.082,-3.784
423964,2064,2,MX,1,100,70,71
423964,2065,2,MY,1,100,-38,-37
423964,2066,2,MZ,1,100,-29,-29
424065,2067,2,PI,1,100,177723,177734
424065,2068,2,PR,1,100,149565,149573
424065,2069,2,PG,1,100,13137,13147
424091,2070,2,EA,1,100,0.481041,0.481074
424091,2071,2,EL,1,100,-16696.400391,-16696.599609
424022,2072,1,T1,1,100,33.776
424034,2073,1,TH,1,100,31.284
424078,2074,3,AX,1,100,-0.959,-0.967,-0.971
424078,2075,3,AY,1,100,0.011,0.032,0.025
424078,2076,3,AZ,1,100,-0.519,-0.490,-0.486
424078,2077,3,GX,1,100,1.312,-4.333,-4.852
424078,2078,3,GY,1,100,1.862,-0.946,-1.343
424078,2079,3,GZ,1,100,-2.472,0.793,0.305
424078,2080,3,MX,1,100,70,72,71
424078,2081,3,MY,1,100,-38,-37,-38
424078,2082,3,MZ,1,100,-29,-29,-28
424143,2083,4,EM,1,100,RS,RB,2025-05-14_11-15-10-693000.csv,PS,MN
424143,2083,4,EM,1,100,RS,RB,2025-05-14_11-15-10-693000.csv,PS,MN
423510,2084,1,SA,1,100,0.003233
423510,2085,1,SR,1,100,0.600000
424183,2086,3,PI,1,100,177731,177747,177764
424183,2087,3,PR,1,100,149582,149583,149594
424183,2088,3,PG,1,100,13158,13172,13188
424158,2089,1,EA,1,100,0.481373
424158,2090,1,EL,1,100,-16698.400391
424151,2091,1,T1,1,100,33.797
424164,2092,1,TH,1,100,31.207
424197,2093,3,AX,1,100,-0.968,-0.968,-0.966
424197,2094,3,AY,1,100,0.016,0.021,0.022
424197,2095,3,AZ,1,100,-0.509,-0.496,-0.496
424197,2096,3,GX,1,100,-1.343,-0.580,-2.136
424197,2097,3,GY,1,100,0.519,0.427,-0.641
424197,2098,3,GZ,1,100,-1.007,-0.488,-0.061
424197,2099,3,MX,1,100,72,71,72
424197,2100,3,MY,1,100,-38,-37,-38
424197,2101,3,MZ,1,100,-29,-29,-29
424190,2102,1,BV,1,100,4.09
424190,2103,1,B%,1,100,96
424288,2104,1,SF,1,100,15.3748
424262,2105,2,PI,1,100,177751,177766
424262,2106,2,PR,1,100,149602,149607
424262,2107,2,PG,1,100,13195,13209
424288,2108,2,EA,1,100,0.481606,0.482072
424288,2109,2,EL,1,100,-16699.800781,-16702.599609
424281,2110,1,T1,1,100,33.806
424294,2111,1,TH,1,100,31.207
424275,2112,2,AX,1,100,-0.977,-0.961
424275,2113,2,AY,1,100,0.015,0.024
424275,2114,2,AZ,1,100,-0.501,-0.509
424275,2115,2,GX,1,100,-0.275,-0.244
424275,2116,2,GY,1,100,-0.336,1.038
424275,2117,2,GZ,1,100,-0.702,-0.214
424275,2118,2,MX,1,100,70,70
424275,2119,2,MY,1,100,-37,-37
424275,2120,2,MZ,1,100,-28,-29
424344,2121,4,EM,1,100,RS,RB,2025-05-14_11-15-10-693000.csv,PS,MN
424344,2121,4,EM,1,100,RS,RB,2025-05-14_11-15-10-693000.csv,PS,MN
424378,2122,3,PI,1,100,177761,177774,177777
424378,2123,3,PR,1,100,149604,149612,149623
424378,2124,3,PG,1,100,13215,13239,13236
424352,2125,1,EA,1,100,0.482473
424352,2126,1,EL,1,100,-16705.000000
424391,2127,3,AX,1,100,-0.964,-0.973,-0.956
424391,2128,3,AY,1,100,0.037,0.024,0.025
424391,2129,3,AZ,1,100,-0.492,-0.501,-0.517
424391,2130,3,GX,1,100,-2.502,-1.984,0.061
424391,2131,3,GY,1,100,3.357,-1.038,-1.404
424391,2132,3,GZ,1,100,2.655,-0.763,-1.495
424391,2133,3,MX,1,100,72,71,71
424391,2134,3,MY,1,100,-38,-37,-37
424391,2135,3,MZ,1,100,-28,-30,-29
424494,2136,3,PI,1,100,177779,177746,177677
424494,2137,3,PR,1,100,149619,149605,149570
424494,2138,3,PG,1,100,13248,13228,13183
424480,2139,2,EA,1,100,0.482841,0.483410
424480,2140,2,EL,1,100,-16707.199219,-16710.599609
424410,2141,1,T1,1,100,33.739
424424,2142,1,TH,1,100,31.219
424468,2143,2,AX,1,100,-0.967,-0.967
424468,2144,2,AY,1,100,0.028,0.030
424468,2145,2,AZ,1,100,-0.491,-0.497
424468,2146,2,GX,1,100,-1.617,-2.014
424468,2147,2,GY,1,100,-0.732,-0.946
424468,2148,2,GZ,1,100,0.824,0.305
424468,2149,2,MX,1,100,71,70
424468,2150,2,MY,1,100,-38,-37
424468,2151,2,MZ,1,100,-30,-29
424545,2152,4,EM,1,100,RS,RB,2025-05-14_11-15-10-693000.csv,PS,MN
424545,2152,4,EM,1,100,RS,RB,2025-05-14_11-15-10-693000.csv,PS,MN
424546,2153,1,SF,1,100,15.1969
424571,2154,2,PI,1,100,177621,177598
424571,2155,2,PR,1,100,149568,149547
424571,2156,2,PG,1,100,13142,13129
424546,2157,1,EA,1,100,0.484014
424546,2158,1,EL,1,100,-16714.199219
424539,2159,1,T1,1,100,33.710
424552,2160,1,TH,1,100,31.219
424584,2161,3,AX,1,100,-0.962,-0.977,-0.960
424584,2162,3,AY,1,100,0.021,0.021,0.030
424584,2163,3,AZ,1,100,-0.505,-0.496,-0.502
424584,2164,3,GX,1,100,-0.122,-0.763,-1.709
424584,2165,3,GY,1,100,0.244,0.000,-0.397
424584,2166,3,GZ,1,100,-1.404,-0.641,0.641
424584,2167,3,MX,1,100,72,71,72
424584,2168,3,MY,1,100,-37,-39,-38
424584,2169,3,MZ,1,100,-30,-29,-27
424685,2170,3,PI,1,100,177594,177592,177602
424685,2171,3,PR,1,100,149545,149538,149561
424685,2172,3,PG,1,100,13111,13120,13132
424673,2173,2,EA,1,100,0.484519,0.484755
424673,2174,2,EL,1,100,-16717.199219,-16718.599609
424666,2175,1,T1,1,100,33.768
424680,2176,1,TH,1,100,31.237
424698,2177,3,AX,1,100,-0.965,-0.971,-0.966
424698,2178,3,AY,1,100,0.032,0.023,0.025
424698,2179,3,AZ,1,100,-0.493,-0.505,-0.500
424698,2180,3,GX,1,100,-1.495,-0.549,-0.336
424698,2181,3,GY,1,100,0.031,0.031,-0.061
424698,2182,3,GZ,1,100,0.519,-0.366,-0.366
424698,2183,3,MX,1,100,70,72,72
424698,2184,3,MY,1,100,-38,-37,-37
424698,2185,3,MZ,1,100,-28,-29,-28
424746,2186,4,EM,1,100,RS,RB,2025-05-14_11-15-10-693000.csv,PS,MN
424746,2186,4,EM,1,100,RS,RB,2025-05-14_11-15-10-693000.csv,PS,MN
424764,2187,2,PI,1,100,177591,177602
424764,2188,2,PR,1,100,149545,149553
424764,2189,2,PG,1,100,13140,13141
424738,2190,1,EA,1,100,0.485093
424738,2191,1,EL,1,100,-16720.599609
424798,2192,1,T1,1,100,33.829
424778,2193,2,AX,1,100,-0.960,-0.969
424778,2194,2,AY,1,100,0.035,0.032
424778,2195,2,AZ,1,100,-0.504,-0.491
424778,2196,2,GX,1,100,-0.885,-1.007
424778,2197,2,GY,1,100,-0.427,-0.763
424778,2198,2,GZ,1,100,0.549,0.580
424778,2199,2,MX,1,100,71,72
424778,2200,2,MY,1,100,-38,-38
424778,2201,2,MZ,1,100,-28,-29
424222,2202,1,SA,1,100,0.003486
424222,2203,1,SR,1,100,0.533333
424869,2204,1,SF,1,100,17.1034
424882,2205,3,PI,1,100,177590,177607,177603
424882,2206,3,PR,1,100,149547,149552,149543
424882,2207,3,PG,1,100,13137,13153,13162
424869,2208,2,EA,1,100,0.485127,0.485194
424869,2209,2,EL,1,100,-16720.800781,-16721.199219
424811,2210,1,TH,1,100,31.237
424895,2211,3,AX,1,100,-0.969,-0.962,-0.969
424895,2212,3,AY,1,100,0.021,0.025,0.037
424895,2213,3,AZ,1,100,-0.501,-0.512,-0.485
424895,2214,3,GX,1,100,-0.305,0.153,-1.373
424895,2215,3,GY,1,100,-0.366,0.427,-0.763
424895,2216,3,GZ,1,100,-0.671,-0.824,1.007
424895,2217,3,MX,1,100,70,71,72
424895,2218,3,MY,1,100,-36,-37,-38
424895,2219,3,MZ,1,100,-29,-29,-28
424955,2220,4,EM,1,100,RS,RB,2025-05-14_11-15-10-693000.csv,PS,MN
424955,2220,4,EM,1,100,RS,RB,2025-05-14_11-15-10-693000.csv,PS,MN
424958,2221,1,BI,1,100,1520
424958,2222,1,HR,1,100,175.05
424998,2223,3,PI,1,100,177629,177624,177629
424998,2224,3,PR,1,100,149564,149564,149568
424998,2225,3,PG,1,100,13168,13181,13201
424998,2226,2,EA,1,100,0.485566,0.485397
424998,2227,2,EL,1,100,-16723.400391,-16722.400391
424928,2228,1,T1,1,100,33.784
424940,2229,1,TH,1,100,31.229
424972,2230,2,AX,1,100,-0.967,-0.983
424972,2231,2,AY,1,100,0.025,0.013
424972,2232,2,AZ,1,100,-0.500,-0.510
424972,2233,2,GX,1,100,-1.648,0.610
424972,2234,2,GY,1,100,-0.702,0.061
424972,2235,2,GZ,1,100,-0.488,-1.160
424972,2236,2,MX,1,100,73,71
424972,2237,2,MY,1,100,-39,-36
424972,2238,2,MZ,1,100,-29,-29
425050,2240,2,RD,1,100,TL,TU
425049,2239,2,AK,1,100,1390,RD
425050,2240,2,RD,1,100,TL,TU
425114,2241,3,PI,1,100,177637,177637,177629
425114,2242,3,PR,1,100,149564,149569,149563
425114,2243,3,PG,1,100,13207,13215,13217
425127,2244,2,EA,1,100,0.485532,0.485769
425127,2245,2,EL,1,100,-16723.199219,-16724.599609
425056,2246,1,T1,1,100,33.729
425069,2247,1,TH,1,100,31.229
425127,2248,4,AX,1,100,-0.957,-0.963,-0.973,-0.964
425127,2249,4,AY,1,100,0.031,0.040,0.021,0.021
425127,2250,4,AZ,1,100,-0.499,-0.484,-0.502,-0.514
425127,2251,4,GX,1,100,-0.854,-2.350,0.092,0.702
425127,2252,4,GY,1,100,0.000,-0.854,-0.305,0.427
425127,2253,4,GZ,1,100,0.671,1.099,-1.465,-1.678
425127,2254,4,MX,1,100,72,71,71,71
425127,2255,4,MY,1,100,-37,-38,-38,-37
425127,2256,4,MZ,1,100,-28,-30,-29,-28
425208,2257,4,EM,1,100,RS,RB,2025-05-14_11-15-10-693000.csv,PS,MN
425208,2257,4,EM,1,100,RS,RB,2025-05-14_11-15-10-693000.csv,PS,MN
425192,2258,1,SF,1,100,16.9055
425243,2259,3,PI,1,100,177652,177657,177663
425243,2260,3,PR,1,100,149571,149585,149587
425243,2261,3,PG,1,100,13233,13242,13257
425192,2262,1,EA,1,100,0.485634
425192,2263,1,EL,1,100,-16723.800781
425185,2264,1,T1,1,100,33.670
425198,2265,1,TH,1,100,31.344
425243,2266,3,AX,1,100,-0.966,-0.965,-0.981
425243,2267,3,AY,1,100,0.037,0.031,0.008
425243,2268,3,AZ,1,100,-0.479,-0.505,-0.505
425243,2269,3,GX,1,100,-1.709,-1.678,0.671
425243,2270,3,GY,1,100,-0.549,-0.519,0.610
425243,2271,3,GZ,1,100,1.282,0.061,-1.160
425243,2272,3,MX,1,100,71,72,72
425243,2273,3,MY,1,100,-38,-38,-36
425243,2274,3,MZ,1,100,-28,-28,-29
425321,2275,2,PI,1,100,177659,177621
425321,2276,2,PR,1,100,149586,149561
425321,2277,2,PG,1,100,13255,13242
425321,2278,2,EA,1,100,0.485532,0.485532
425321,2279,2,EL,1,100,-16723.199219,-16723.199219
425314,2280,1,T1,1,100,33.645
425326,2281,1,TH,1,100,31.344
425359,2282,3,AX,1,100,-0.961,-0.963,-0.969
425359,2283,3,AY,1,100,0.034,0.043,0.028
425359,2284,3,AZ,1,100,-0.496,-0.486,-0.502
425359,2285,3,GX,1,100,-1.923,-2.380,0.305
425359,2286,3,GY,1,100,0.641,-0.244,0.153
425359,2287,3,GZ,1,100,1.221,1.831,-1.190
425359,2288,3,MX,1,100,71,71,71
425359,2289,3,MY,1,100,-37,-37,-38
425359,2290,3,MZ,1,100,-29,-28,-30
425409,2291,4,EM,1,100,RS,RB,2025-05-14_11-15-10-693000.csv,PS,MN
425409,2291,4,EM,1,100,RS,RB,2025-05-14_11-15-10-693000.csv,PS,MN
425436,2292,3,PI,1,100,177567,177510,177480
425436,2293,3,PR,1,100,149543,149519,149508
425436,2294,3,PG,1,100,13189,13144,13126
425448,2295,2,EA,1,100,0.485566,0.485600
425448,2296,2,EL,1,100,-16723.400391,-16723.599609
425441,2297,1,T1,1,100,33.740
425454,2298,1,TH,1,100,31.259
425436,2299,2,AX,1,100,-0.977,-0.961
425436,2300,2,AY,1,100,0.019,0.038
425436,2301,2,AZ,1,100,-0.509,-0.486
425436,2302,2,GX,1,100,0.641,-1.740
425436,2303,2,GY,1,100,0.336,-0.854
425436,2304,2,GZ,1,100,-2.380,0.336
425436,2305,2,MX,1,100,72,72
425436,2306,2,MY,1,100,-38,-38
425436,2307,2,MZ,1,100,-28,-28
425511,2308,1,SF,1,100,16.7100
425550,2309,3,PI,1,100,177468,177469,177473
425550,2310,3,PR,1,100,149503,149487,149495
425550,2311,3,PG,1,100,13114,13104,13113
425511,2312,1,EA,1,100,0.485532
425511,2313,1,EL,1,100,-16723.199219
425538,2314,3,AX,1,100,-0.967,-0.968,-0.972
425538,2315,3,AY,1,100,0.035,0.028,0.024
425538,2316,3,AZ,1,100,-0.501,-0.500,-0.502
425538,2317,3,GX,1,100,-1.648,0.336,-0.580
425538,2318,3,GY,1,100,-0.977,-0.214,-0.336
425538,2319,3,GZ,1,100,-0.275,-1.343,-1.343
425538,2320,3,MX,1,100,71,71,72
425538,2321,3,MY,1,100,-38,-38,-38
425538,2322,3,MZ,1,100,-28,-28,-28
425610,2323,4,EM,1,100,RS,RB,2025-05-14_11-15-10-693000.csv,PS,MN
425610,2323,4,EM,1,100,RS,RB,2025-05-14_11-15-10-693000.csv,PS,MN
425666,2324,3,PI,1,100,177477,177470,177474
425666,2325,3,PR,1,100,149492,149504,149497
425666,2326,3,PG,1,100,13119,13127,13125
425640,2327,2,EA,1,100,0.485465,0.485397
425640,2328,2,EL,1,100,-16722.800781,-16722.400391
425570,2329,1,T1,1,100,33.781
425583,2330,1,TH,1,100,31.259
425654,2331,3,AX,1,100,-0.970,-0.965,-0.979
425654,2332,3,AY,1,100,0.030,0.033,0.019
425654,2333,3,AZ,1,100,-0.498,-0.493,-0.498
425654,2334,3,GX,1,100,-0.519,-1.068,-0.061
425654,2335,3,GY,1,100,-0.153,-0.244,-0.305
425654,2336,3,GZ,1,100,0.183,-0.275,-1.007
425654,2337,3,MX,1,100,70,70,71
425654,2338,3,MY,1,100,-38,-37,-37
425654,2339,3,MZ,1,100,-28,-28,-30
425745,2340,2,PI,1,100,177474,177470
425745,2341,2,PR,1,100,149496,149499
425745,2342,2,PG,1,100,13127,13145
425706,2343,1,EA,1,100,0.485160
425706,2344,1,EL,1,100,-16721.000000
425699,2345,1,T1,1,100,33.728
425713,2346,1,TH,1,100,31.289
425772,2347,3,AX,1,100,-0.962,-0.966,-0.971
425772,2348,3,AY,1,100,0.026,0.029,0.022
425772,2349,3,AZ,1,100,-0.503,-0.495,-0.494
425772,2350,3,GX,1,100,-0.061,-1.190,-0.854
425772,2351,3,GY,1,100,0.183,-0.153,-0.275
425772,2352,3,GZ,1,100,-0.580,0.244,-0.519
425772,2353,3,MX,1,100,70,71,72
425772,2354,3,MY,1,100,-37,-36,-37
425772,2355,3,MZ,1,100,-29,-28,-28
425811,2356,4,EM,1,100,RS,RB,2025-05-14_11-15-10-693000.csv,PS,MN
425811,2356,4,EM,1,100,RS,RB,2025-05-14_11-15-10-693000.csv,PS,MN
425838,2357,1,SF,1,100,16.5167
425863,2358,3,PI,1,100,177466,177483,177493
425863,2359,3,PR,1,100,149499,149514,149500
425863,2360,3,PG,1,100,13149,13161,13166
425838,2361,2,EA,1,100,0.485296,0.485329
425838,2362,2,EL,1,100,-16721.800781,-16722.000000
425832,2363,1,T1,1,100,33.776
425845,2364,1,TH,1,100,31.296
425850,2365,2,AX,1,100,-0.972,-0.970
425850,2366,2,AY,1,100,0.026,0.030
425850,2367,2,AZ,1,100,-0.506,-0.490
425850,2368,2,GX,1,100,-0.305,-1.312
425850,2369,2,GY,1,100,-0.092,0.092
425850,2370,2,GZ,1,100,-0.671,0.641
425850,2371,2,MX,1,100,71,71
425850,2372,2,MY,1,100,-36,-37
425850,2373,2,MZ,1,100,-29,-28
425901,2374,1,BI,1,100,960
425901,2375,1,HR,1,100,150.03
425941,2376,2,PI,1,100,177509,177508
425941,2377,2,PR,1,100,149508,149523
425941,2378,2,PG,1,100,13182,13186
425967,2379,2,EA,1,100,0.485160,0.485093
425967,2380,2,EL,1,100,-16721.000000,-16720.599609
425961,2381,1,T1,1,100,33.761
425973,2382,1,TH,1,100,31.229
425967,2383,3,AX,1,100,-0.975,-0.974,-0.968
425967,2384,3,AY,1,100,0.026,0.026,0.031
425967,2385,3,AZ,1,100,-0.498,-0.500,-0.497
425967,2386,3,GX,1,100,-1.465,0.092,-0.549
425967,2387,3,GY,1,100,-0.092,0.183,0.061
425967,2388,3,GZ,1,100,0.488,-0.427,0.183
425967,2389,3,MX,1,100,71,71,72
425967,2390,3,MY,1,100,-38,-37,-36
425967,2391,3,MZ,1,100,-29,-28,-28
426027,2392,4,EM,1,100,RS,RB,2025-05-14_11-15-10-693000.csv,PS,MN
426027,2392,4,EM,1,100,RS,RB,2025-05-14_11-15-10-693000.csv,PS,MN
426056,2393,3,PI,1,100,177508,177518,177538
426056,2394,3,PR,1,100,149511,149515,149513
426056,2395,3,PG,1,100,13191,13198,13214
426031,2396,1,EA,1,100,0.484991
426031,2397,1,EL,1,100,-16720.000000
426044,2398,2,AX,1,100,-0.964,-0.969
426044,2399,2,AY,1,100,0.032,0.027
426044,2400,2,AZ,1,100,-0.496,-0.505
426044,2401,2,GX,1,100,-1.068,-0.458
426044,2402,2,GY,1,100,0.183,0.153
426044,2403,2,GZ,1,100,0.458,0.122
426044,2404,2,MX,1,100,71,72
426044,2405,2,MY,1,100,-38,-38
426044,2406,2,MZ,1,100,-29,-27
426158,2407,1,SF,1,100,16.3256
426170,2408,3,PI,1,100,177533,177521,177488
426170,2409,3,PR,1,100,149528,149527,149498
426170,2410,3,PG,1,100,13221,13227,13196
426158,2411,2,EA,1,100,0.485160,0.485329
426158,2412,2,EL,1,100,-16721.000000,-16722.000000
426088,2413,1,T1,1,100,33.826
426100,2414,1,TH,1,100,31.229
426158,2415,3,AX,1,100,-0.969,-0.969,-0.965
426158,2416,3,AY,1,100,0.033,0.026,0.032
426158,2417,3,AZ,1,100,-0.491,-0.503,-0.493
426158,2418,3,GX,1,100,-0.549,-1.160,-0.671
426158,2419,3,GY,1,100,-0.183,-0.031,-0.122
426158,2420,3,GZ,1,100,-0.305,-0.427,-0.397
426158,2421,3,MX,1,100,72,72,72
426158,2422,3,MY,1,100,-38,-37,-37
426158,2423,3,MZ,1,100,-29,-29,-30
426228,2424,4,EM,1,100,RS,RB,2025-05-14_11-15-10-693000.csv,PS,MN
426228,2424,4,EM,1,100,RS,RB,2025-05-14_11-15-10-693000.csv,PS,MN
426247,2425,2,PI,1,100,177415,177354
426247,2426,2,PR,1,100,149475,149459
426247,2427,2,PG,1,100,13143,13097
426223,2428,1,EA,1,100,0.486413
426223,2429,1,EL,1,100,-16728.400391
426216,2430,1,T1,1,100,33.818
426229,2431,1,TH,1,100,31.321
426274,2432,3,AX,1,100,-0.970,-0.967,-0.959
426274,2433,3,AY,1,100,0.031,0.034,0.034
426274,2434,3,AZ,1,100,-0.498,-0.498,-0.499
426274,2435,3,GX,1,100,-0.244,-0.336,-1.343
426274,2436,3,GY,1,100,-0.488,-0.183,0.305
426274,2437,3,GZ,1,100,-1.221,-1.282,-1.129
426274,2438,3,MX,1,100,72,71,71
426274,2439,3,MY,1,100,-38,-38,-37
426274,2440,3,MZ,1,100,-28,-28,-28
426365,2441,3,PI,1,100,177326,177328,177324
426365,2442,3,PR,1,100,149431,149432,149427
426365,2443,3,PG,1,100,13071,13055,13045
426353,2444,2,EA,1,100,0.486957,0.487025
426353,2445,2,EL,1,100,-16731.599609,-16732.000000
426346,2446,1,T1,1,100,33.744
426359,2447,1,TH,1,100,31.321
426353,2448,2,AX,1,100,-0.967,-0.968
426353,2449,2,AY,1,100,0.028,0.029
426353,2450,2,AZ,1,100,-0.498,-0.496
426353,2451,2,GX,1,100,-1.282,-1.129
426353,2452,2,GY,1,100,-0.061,-0.244
426353,2453,2,GZ,1,100,-0.549,-1.129
426353,2454,2,MX,1,100,71,71
426353,2455,2,MY,1,100,-37,-38
426353,2456,2,MZ,1,100,-28,-29
426429,2457,4,EM,1,100,RS,RB,2025-05-14_11-15-10-693000.csv,PS,MN
426429,2457,4,EM,1,100,RS,RB,2025-05-14_11-15-10-693000.csv,PS,MN
426445,2458,2,PI,1,100,177334,177323
426445,2459,2,PR,1,100,149441,149433
426445,2460,2,PG,1,100,13075,13071
426418,2461,1,EA,1,100,0.486889
426418,2462,1,EL,1,100,-16731.199219
426477,2463,1,T1,1,100,33.854
426471,2464,3,AX,1,100,-0.973,-0.963,-0.969
426471,2465,3,AY,1,100,0.022,0.028,0.027
426471,2466,3,AZ,1,100,-0.500,-0.500,-0.489
426471,2467,3,GX,1,100,-0.793,-0.610,-1.312
426471,2468,3,GY,1,100,0.305,0.214,-0.458
426471,2469,3,GZ,1,100,-1.160,-0.641,-0.580
426471,2470,3,MX,1,100,70,72,72
426471,2471,3,MY,1,100,-38,-37,-38
426471,2472,3,MZ,1,100,-28,-27,-29
426548,2473,1,SF,1,100,16.1367
426561,2474,3,PI,1,100,177346,177332,177333
426561,2475,3,PR,1,100,149428,149433,149434
426561,2476,3,PG,1,100,13076,13070,13081
426548,2477,2,EA,1,100,0.486583,0.486413
426548,2478,2,EL,1,100,-16729.400391,-16728.400391
426490,2479,1,TH,1,100,31.201
426548,2480,2,AX,1,100,-0.969,-0.966
426548,2481,2,AY,1,100,0.024,0.025
426548,2482,2,AZ,1,100,-0.498,-0.506
426548,2483,2,GX,1,100,-0.336,0.031
426548,2484,2,GY,1,100,0.031,0.336
426548,2485,2,GZ,1,100,-0.671,-0.580
426548,2486,2,MX,1,100,72,72
426548,2487,2,MY,1,100,-37,-37
426548,2488,2,MZ,1,100,-29,-28
426630,2489,4,EM,1,100,RS,RB,2025-05-14_11-15-10-693000.csv,PS,MN
426630,2489,4,EM,1,100,RS,RB,2025-05-14_11-15-10-693000.csv,PS,MN
426676,2490,1,BI,1,100,800
426676,2491,1,HR,1,100,133.36
426676,2492,3,PI,1,100,177347,177364,177357
426676,2493,3,PR,1,100,149447,149454,149451
426676,2494,3,PG,1,100,13093,13112,13119
426676,2495,2,EA,1,100,0.486413,0.486345
426676,2496,2,EL,1,100,-16728.400391,-16728.000000
426606,2497,1,T1,1,100,33.795
426620,2498,1,TH,1,100,31.201
426664,2499,3,AX,1,100,-0.964,-0.967,-0.969
426664,2500,3,AY,1,100,0.032,0.029,0.024
426664,2501,3,AZ,1,100,-0.489,-0.491,-0.506
426664,2502,3,GX,1,100,-1.099,-1.343,0.031
426664,2503,3,GY,1,100,-0.275,-0.580,0.305
426664,2504,3,GZ,1,100,0.580,0.000,-0.946
426664,2505,3,MX,1,100,71,72,72
426664,2506,3,MY,1,100,-37,-36,-37
426664,2507,3,MZ,1,100,-28,-28,-27
426752,2508,2,PI,1,100,177380,177390
426752,2509,2,PR,1,100,149443,149457
426752,2510,2,PG,1,100,13136,13140
426741,2511,1,EA,1,100,0.486277
426741,2512,1,EL,1,100,-16727.599609
426734,2513,1,T1,1,100,33.840
426747,2514,1,TH,1,100,31.316
426779,2515,3,AX,1,100,-0.963,-0.968,-0.962
426779,2516,3,AY,1,100,0.030,0.036,0.026
426779,2517,3,AZ,1,100,-0.504,-0.486,-0.502
426779,2518,3,GX,1,100,-0.183,-1.770,-0.793
426779,2519,3,GY,1,100,0.458,-0.610,-0.183
426779,2520,3,GZ,1,100,-0.183,0.916,-0.519
426779,2521,3,MX,1,100,71,72,71
426779,2522,3,MY,1,100,-38,-38,-38
426779,2523,3,MZ,1,100,-28,-30,-30
426837,2524,4,EM,1,100,RS,RB,2025-05-14_11-15-10-693000.csv,PS,MN
426837,2524,4,EM,1,100,RS,RB,2025-05-14_11-15-10-693000.csv,PS,MN
426869,2525,1,SF,1,100,15.9501
426869,2526,3,PI,1,100,177389,177399,177413
426869,2527,3,PR,1,100,149465,149464,149465
426869,2528,3,PG,1,100,13151,13156,13172
426869,2529,2,EA,1,100,0.486108,0.486142
426869,2530,2,EL,1,100,-16726.599609,-16726.800781
426862,2531,1,T1,1,100,33.718
426876,2532,1,TH,1,100,31.316
426857,2533,2,AX,1,100,-0.973,-0.958
426857,2534,2,AY,1,100,0.019,0.033
426857,2535,2,AZ,1,100,-0.503,-0.500
426857,2536,2,GX,1,100,0.641,-0.793
426857,2537,2,GY,1,100,0.397,-0.153
426857,2538,2,GZ,1,100,-1.160,-0.244
426857,2539,2,MX,1,100,71,71
426857,2540,2,MY,1,100,-38,-38
426857,2541,2,MZ,1,100,-29,-28
426961,2542,2,PI,1,100,177425,177437
426961,2543,2,PR,1,100,149482,149478
426961,2544,2,PG,1,100,13180,13195
426935,2545,1,EA,1,100,0.486040
426935,2546,1,EL,1,100,-16726.199219
426975,2547,3,AX,1,100,-0.964,-0.967,-0.973
426975,2548,3,AY,1,100,0.030,0.026,0.022
426975,2549,3,AZ,1,100,-0.487,-0.505,-0.495
426975,2550,3,GX,1,100,-1.678,0.305,-0.519
426975,2551,3,GY,1,100,-0.671,0.336,0.275
426975,2552,3,GZ,1,100,0.000,-1.160,-1.068
426975,2553,3,MX,1,100,72,72,71
426975,2554,3,MY,1,100,-36,-36,-37
426975,2555,3,MZ,1,100,-29,-29,-29
427038,2556,4,EM,1,100,RS,RB,2025-05-14_11-15-10-693000.csv,PS,MN
427038,2556,4,EM,1,100,RS,RB,2025-05-14_11-15-10-693000.csv,PS,MN
427079,2557,3,PI,1,100,177443,177395,177323
427079,2558,3,PR,1,100,149482,149468,149438
427079,2559,3,PG,1,100,13202,13172,13116
427066,2560,2,EA,1,100,0.486176,0.486176
427066,2561,2,EL,1,100,-16727.000000,-16727.000000
426995,2562,1,T1,1,100,33.807
427008,2563,1,TH,1,100,31.206
427053,2564,2,AX,1,100,-0.956,-0.967
427053,2565,2,AY,1,100,0.032,0.031
427053,2566,2,AZ,1,100,-0.493,-0.492
427053,2567,2,GX,1,100,-1.282,-1.434
427053,2568,2,GY,1,100,-0.397,-0.305
427053,2569,2,GZ,1,100,0.031,-0.488
427053,2570,2,MX,1,100,72,71
427053,2571,2,MY,1,100,-37,-38
427053,2572,2,MZ,1,100,-28,-30
427131,2573,1,SF,1,100,15.7656
427156,2574,2,PI,1,100,177263,177238
427156,2575,2,PR,1,100,149414,149399
427156,2576,2,PG,1,100,13061,13036
427131,2577,1,EA,1,100,0.486209
427131,2578,1,EL,1,100,-16727.199219
427125,2579,1,T1,1,100,33.810
427137,2580,1,TH,1,100,31.206
427169,2581,3,AX,1,100,-0.962,-0.974,-0.973
427169,2582,3,AY,1,100,0.023,0.022,0.024
427169,2583,3,AZ,1,100,-0.504,-0.502,-0.493
427169,2584,3,GX,1,100,0.122,-0.305,-1.617
427169,2585,3,GY,1,100,0.549,0.366,-0.519
427169,2586,3,GZ,1,100,-1.404,-1.221,-0.244
427169,2587,3,MX,1,100,71,72,72
427169,2588,3,MY,1,100,-39,-38,-38
427169,2589,3,MZ,1,100,-28,-29,-28
427239,2590,4,EM,1,100,RS,RB,2025-05-14_11-15-10-693000.csv,PS,MN
427239,2590,4,EM,1,100,RS,RB,2025-05-14_11-15-10-693000.csv,PS,MN
427272,2591,3,PI,1,100,177216,177218,177223
427272,2592,3,PR,1,100,149384,149384,149388
427272,2593,3,PG,1,100,13016,13002,13009
427259,2594,2,EA,1,100,0.486209,0.486379
427259,2595,2,EL,1,100,-16727.199219,-16728.199219
427253,2596,1,T1,1,100,33.670
427266,2597,1,TH,1,100,31.241
427285,2598,3,AX,1,100,-0.963,-0.970,-0.975
427285,2599,3,AY,1,100,0.036,0.028,0.020
427285,2600,3,AZ,1,100,-0.503,-0.498,-0.502
427285,2601,3,GX,1,100,-1.678,-0.946,-0.336
427285,2602,3,GY,1,100,-0.183,0.000,-0.183
427285,2603,3,GZ,1,100,0.122,-0.183,-1.312
427285,2604,3,MX,1,100,72,72,71
427285,2605,3,MY,1,100,-37,-38,-37
427285,2606,3,MZ,1,100,-28,-29,-29
427350,2607,2,PI,1,100,177232,177225
427350,2608,2,PR,1,100,149379,149385
427350,2609,2,PG,1,100,13022,13016
427324,2610,1,EA,1,100,0.486515
427324,2611,1,EL,1,100,-16729.000000
427382,2612,1,T1,1,100,33.680
427363,2613,2,AX,1,100,-0.964,-0.961
427363,2614,2,AY,1,100,0.028,0.031
427363,2615,2,AZ,1,100,-0.494,-0.495
427363,2616,2,GX,1,100,-0.824,-1.495
427363,2617,2,GY,1,100,-0.061,-0.366
427363,2618,2,GZ,1,100,-0.610,-0.061
427363,2619,2,MX,1,100,72,71
427363,2620,2,MY,1,100,-38,-39
427363,2621,2,MZ,1,100,-30,-30
427442,2622,4,EM,1,100,RS,RB,2025-05-14_11-15-10-693000.csv,PS,MN
427442,2622,4,EM,1,100,RS,RB,2025-05-14_11-15-10-693000.csv,PS,MN
427452,2623,1,SF,1,100,15.5832
427465,2624,3,PI,1,100,177237,177236,177245
427465,2625,3,PR,1,100,149393,149391,149383
427465,2626,3,PG,1,100,13018,13022,13036
427452,2627,2,EA,1,100,0.486549,0.486753
427452,2628,2,EL,1,100,-16729.199219,-16730.400391
427395,2629,1,TH,1,100,31.241
427478,2630,3,AX,1,100,-0.966,-0.971,-0.972
427478,2631,3,AY,1,100,0.025,0.021,0.029
427478,2632,3,AZ,1,100,-0.498,-0.510,-0.483
427478,2633,3,GX,1,100,0.031,-0.061,-1.465
427478,2634,3,GY,1,100,-0.061,0.153,-0.366
427478,2635,3,GZ,1,100,-0.824,-1.312,0.427
427478,2636,3,MX,1,100,72,71,71
427478,2637,3,MY,1,100,-38,-38,-39
427478,2638,3,MZ,1,100,-29,-28,-28
